<xml xmlns:o="urn:schemas-microsoft-com:office:office">
 <o:MainFile HRef="../6trigfncs.html"/>
 <o:File HRef="image001.png"/>
 <o:File HRef="image002.jpg"/>
 <o:File HRef="image003.png"/>
 <o:File HRef="image004.jpg"/>
 <o:File HRef="image005.png"/>
 <o:File HRef="image006.jpg"/>
 <o:File HRef="image007.png"/>
 <o:File HRef="image008.jpg"/>
 <o:File HRef="image009.jpg"/>
 <o:File HRef="image010.wmz"/>
 <o:File HRef="image011.gif"/>
 <o:File HRef="image012.wmz"/>
 <o:File HRef="image013.gif"/>
 <o:File HRef="image014.wmz"/>
 <o:File HRef="image015.gif"/>
 <o:File HRef="image016.wmz"/>
 <o:File HRef="image017.gif"/>
 <o:File HRef="image018.wmz"/>
 <o:File HRef="image019.gif"/>
 <o:File HRef="image020.jpg"/>
 <o:File HRef="image021.wmz"/>
 <o:File HRef="image022.gif"/>
 <o:File HRef="image023.wmz"/>
 <o:File HRef="image024.gif"/>
 <o:File HRef="image025.wmz"/>
 <o:File HRef="image026.gif"/>
 <o:File HRef="image027.wmz"/>
 <o:File HRef="image028.gif"/>
 <o:File HRef="image029.wmz"/>
 <o:File HRef="image030.gif"/>
 <o:File HRef="image031.wmz"/>
 <o:File HRef="image032.gif"/>
 <o:File HRef="image033.wmz"/>
 <o:File HRef="image034.gif"/>
 <o:File HRef="image035.wmz"/>
 <o:File HRef="image036.gif"/>
 <o:File HRef="image037.wmz"/>
 <o:File HRef="image038.gif"/>
 <o:File HRef="image039.wmz"/>
 <o:File HRef="image040.gif"/>
 <o:File HRef="image041.wmz"/>
 <o:File HRef="image042.gif"/>
 <o:File HRef="image043.wmz"/>
 <o:File HRef="image044.gif"/>
 <o:File HRef="image045.wmz"/>
 <o:File HRef="image046.gif"/>
 <o:File HRef="image047.wmz"/>
 <o:File HRef="image048.gif"/>
 <o:File HRef="image049.wmz"/>
 <o:File HRef="image050.gif"/>
 <o:File HRef="filelist.xml"/>
</xml>